customer_id,purchase_price,num_items,timestamp,day_of_week,hour_of_day,is_weekend
181,62.17,10,2023-01-01 10:29:00,Sunday,10,1
20,6.63,10,2023-01-02 13:46:00,Monday,13,0
62,76.99,1,2023-01-02 18:59:00,Monday,18,0
12,89.32,1,2023-01-03 07:15:00,Tuesday,7,0
44,11.84,3,2023-01-03 19:49:00,Tuesday,19,0
180,38.12,3,2023-01-03 23:22:00,Tuesday,23,0
144,65.39,8,2023-01-05 04:02:00,Thursday,4,0
21,83.71,9,2023-01-05 08:59:00,Thursday,8,0
182,5.75,2,2023-01-05 09:04:00,Thursday,9,0
85,46.46,2,2023-01-05 16:13:00,Thursday,16,0
200,80.85,6,2023-01-05 18:32:00,Thursday,18,0
127,37.35,2,2023-01-06 05:25:00,Friday,5,0
13,26.46,3,2023-01-06 06:10:00,Friday,6,0
30,28.32,2,2023-01-06 13:22:00,Friday,13,0
124,19.12,3,2023-01-06 15:21:00,Friday,15,0
145,44.48,3,2023-01-06 18:47:00,Friday,18,0
118,20.84,4,2023-01-07 02:39:00,Saturday,2,1
22,26.63,10,2023-01-07 23:04:00,Saturday,23,1
124,93.23,3,2023-01-08 14:50:00,Sunday,14,1
34,16.47,4,2023-01-08 21:52:00,Sunday,21,1
191,12.57,4,2023-01-09 03:23:00,Monday,3,0
74,86.31,6,2023-01-09 09:42:00,Monday,9,0
44,59.19,3,2023-01-09 15:38:00,Monday,15,0
190,75.49,2,2023-01-09 17:37:00,Monday,17,0
20,99.92,10,2023-01-09 20:04:00,Monday,20,0
151,30.3,10,2023-01-10 02:03:00,Tuesday,2,0
56,29.3,9,2023-01-10 10:57:00,Tuesday,10,0
104,28.79,10,2023-01-10 16:56:00,Tuesday,16,0
18,95.72,8,2023-01-10 21:07:00,Tuesday,21,0
152,97.72,4,2023-01-11 18:51:00,Wednesday,18,0
196,16.25,6,2023-01-11 19:16:00,Wednesday,19,0
106,68.43,2,2023-01-12 12:36:00,Thursday,12,0
111,53.28,9,2023-01-12 12:38:00,Thursday,12,0
117,70.73,2,2023-01-12 16:04:00,Thursday,16,0
7,71.06,6,2023-01-13 05:35:00,Friday,5,0
4,87.56,4,2023-01-13 07:50:00,Friday,7,0
93,88.2,9,2023-01-14 00:47:00,Saturday,0,1
190,32.11,9,2023-01-14 10:44:00,Saturday,10,1
157,49.49,10,2023-01-15 03:06:00,Sunday,3,1
121,48.12,2,2023-01-15 06:35:00,Sunday,6,1
5,29.7,1,2023-01-15 10:01:00,Sunday,10,1
61,65.66,3,2023-01-15 11:40:00,Sunday,11,1
151,95.29,1,2023-01-15 13:04:00,Sunday,13,1
29,50.29,4,2023-01-15 15:59:00,Sunday,15,1
28,68.13,2,2023-01-15 18:01:00,Sunday,18,1
177,99.54,1,2023-01-16 07:29:00,Monday,7,0
71,37.82,7,2023-01-16 12:41:00,Monday,12,0
107,74.63,4,2023-01-16 16:32:00,Monday,16,0
82,89.66,1,2023-01-17 05:50:00,Tuesday,5,0
5,43.56,8,2023-01-17 17:20:00,Tuesday,17,0
43,91.42,3,2023-01-18 02:22:00,Wednesday,2,0
36,27.07,7,2023-01-18 05:33:00,Wednesday,5,0
20,70.39,10,2023-01-18 10:57:00,Wednesday,10,0
58,31.35,6,2023-01-18 22:53:00,Wednesday,22,0
194,78.37,3,2023-01-19 07:57:00,Thursday,7,0
175,48.77,3,2023-01-19 11:53:00,Thursday,11,0
22,94.8,8,2023-01-19 12:37:00,Thursday,12,0
156,63.61,4,2023-01-19 15:34:00,Thursday,15,0
39,27.14,6,2023-01-19 21:13:00,Thursday,21,0
92,76.65,8,2023-01-19 23:11:00,Thursday,23,0
75,59.91,9,2023-01-21 22:58:00,Saturday,22,1
149,51.18,4,2023-01-22 01:28:00,Sunday,1,1
174,41.96,3,2023-01-23 22:55:00,Monday,22,0
21,88.98,9,2023-01-24 01:51:00,Tuesday,1,0
156,68.79,2,2023-01-24 11:11:00,Tuesday,11,0
158,71.52,8,2023-01-24 19:13:00,Tuesday,19,0
107,32.0,6,2023-01-24 19:58:00,Tuesday,19,0
80,53.97,3,2023-01-24 20:46:00,Tuesday,20,0
143,35.28,6,2023-01-25 02:06:00,Wednesday,2,0
64,92.42,7,2023-01-25 21:36:00,Wednesday,21,0
55,47.87,6,2023-01-26 03:41:00,Thursday,3,0
187,91.46,10,2023-01-26 06:57:00,Thursday,6,0
148,27.63,6,2023-01-26 09:27:00,Thursday,9,0
53,30.46,2,2023-01-26 13:17:00,Thursday,13,0
195,19.82,10,2023-01-26 15:59:00,Thursday,15,0
116,56.78,9,2023-01-26 21:22:00,Thursday,21,0
83,23.42,6,2023-01-28 04:40:00,Saturday,4,1
113,10.05,4,2023-01-28 06:10:00,Saturday,6,1
91,20.97,4,2023-01-29 10:38:00,Sunday,10,1
102,96.33,3,2023-01-29 12:06:00,Sunday,12,1
79,80.06,2,2023-01-30 08:18:00,Monday,8,0
31,11.07,10,2023-01-30 17:46:00,Monday,17,0
98,12.74,6,2023-02-01 05:06:00,Wednesday,5,0
185,24.34,5,2023-02-01 13:39:00,Wednesday,13,0
173,25.82,2,2023-02-02 03:52:00,Thursday,3,0
28,86.76,1,2023-02-02 08:45:00,Thursday,8,0
152,15.67,2,2023-02-02 11:27:00,Thursday,11,0
36,16.15,9,2023-02-02 18:52:00,Thursday,18,0
143,74.23,2,2023-02-02 21:13:00,Thursday,21,0
108,15.71,3,2023-02-03 04:03:00,Friday,4,0
89,5.99,7,2023-02-03 13:39:00,Friday,13,0
110,70.51,8,2023-02-03 22:14:00,Friday,22,0
23,25.8,9,2023-02-05 14:06:00,Sunday,14,1
33,80.25,3,2023-02-05 19:37:00,Sunday,19,1
137,47.0,5,2023-02-06 00:50:00,Monday,0,0
65,55.92,7,2023-02-06 08:54:00,Monday,8,0
37,68.26,8,2023-02-07 04:14:00,Tuesday,4,0
74,38.96,5,2023-02-07 16:34:00,Tuesday,16,0
72,78.93,5,2023-02-07 22:16:00,Tuesday,22,0
19,58.17,1,2023-02-07 23:10:00,Tuesday,23,0
67,35.11,7,2023-02-08 00:45:00,Wednesday,0,0
168,43.25,9,2023-02-08 10:30:00,Wednesday,10,0
36,35.94,5,2023-02-08 19:47:00,Wednesday,19,0
178,49.03,2,2023-02-09 02:10:00,Thursday,2,0
32,57.94,10,2023-02-09 04:26:00,Thursday,4,0
90,15.04,10,2023-02-09 04:38:00,Thursday,4,0
176,61.54,6,2023-02-09 09:59:00,Thursday,9,0
148,48.37,2,2023-02-09 14:50:00,Thursday,14,0
30,10.34,10,2023-02-10 13:59:00,Friday,13,0
142,78.89,7,2023-02-10 18:30:00,Friday,18,0
91,86.43,10,2023-02-11 04:05:00,Saturday,4,1
170,65.5,8,2023-02-12 05:28:00,Sunday,5,1
81,63.58,5,2023-02-12 07:29:00,Sunday,7,1
15,10.89,1,2023-02-13 00:56:00,Monday,0,0
104,13.61,2,2023-02-13 05:50:00,Monday,5,0
154,55.54,1,2023-02-13 11:46:00,Monday,11,0
31,88.02,8,2023-02-13 12:30:00,Monday,12,0
188,12.43,7,2023-02-13 17:08:00,Monday,17,0
165,81.55,10,2023-02-13 23:10:00,Monday,23,0
79,73.42,9,2023-02-13 23:56:00,Monday,23,0
71,33.58,1,2023-02-14 09:04:00,Tuesday,9,0
68,97.07,2,2023-02-14 15:53:00,Tuesday,15,0
147,70.4,9,2023-02-14 23:08:00,Tuesday,23,0
4,60.48,10,2023-02-15 19:41:00,Wednesday,19,0
190,22.76,8,2023-02-16 00:05:00,Thursday,0,0
54,41.35,1,2023-02-17 03:54:00,Friday,3,0
5,70.6,6,2023-02-17 04:35:00,Friday,4,0
142,57.87,3,2023-02-17 18:28:00,Friday,18,0
97,85.56,4,2023-02-17 23:30:00,Friday,23,0
80,45.27,7,2023-02-18 01:32:00,Saturday,1,1
69,92.48,1,2023-02-18 06:08:00,Saturday,6,1
14,92.82,7,2023-02-18 09:40:00,Saturday,9,1
142,75.63,1,2023-02-19 05:32:00,Sunday,5,1
166,78.53,9,2023-02-19 14:08:00,Sunday,14,1
183,74.72,3,2023-02-19 14:44:00,Sunday,14,1
109,52.03,10,2023-02-19 22:07:00,Sunday,22,1
79,42.01,3,2023-02-20 07:51:00,Monday,7,0
45,19.88,5,2023-02-20 18:10:00,Monday,18,0
106,7.6,7,2023-02-20 20:06:00,Monday,20,0
24,40.6,1,2023-02-21 16:05:00,Tuesday,16,0
5,94.94,2,2023-02-21 20:11:00,Tuesday,20,0
198,66.99,6,2023-02-22 00:28:00,Wednesday,0,0
22,6.34,5,2023-02-22 00:28:00,Wednesday,0,0
53,71.5,3,2023-02-22 06:27:00,Wednesday,6,0
156,68.08,8,2023-02-22 06:37:00,Wednesday,6,0
108,82.61,4,2023-02-23 04:16:00,Thursday,4,0
159,58.15,9,2023-02-23 08:30:00,Thursday,8,0
61,9.99,5,2023-02-24 06:27:00,Friday,6,0
155,61.27,6,2023-02-24 06:58:00,Friday,6,0
20,44.13,7,2023-02-24 08:14:00,Friday,8,0
185,48.66,5,2023-02-24 11:03:00,Friday,11,0
64,61.7,3,2023-02-24 11:47:00,Friday,11,0
5,34.14,6,2023-02-24 14:24:00,Friday,14,0
182,73.34,1,2023-02-24 20:18:00,Friday,20,0
51,9.77,2,2023-02-25 00:34:00,Saturday,0,1
35,37.98,10,2023-02-25 03:46:00,Saturday,3,1
109,38.21,4,2023-02-25 14:08:00,Saturday,14,1
112,7.66,3,2023-02-26 00:53:00,Sunday,0,1
108,89.92,1,2023-02-26 04:53:00,Sunday,4,1
20,10.06,8,2023-02-26 12:21:00,Sunday,12,1
129,62.53,7,2023-02-27 11:32:00,Monday,11,0
101,16.45,6,2023-02-27 12:03:00,Monday,12,0
155,80.29,7,2023-02-27 16:50:00,Monday,16,0
54,94.43,4,2023-02-28 03:14:00,Tuesday,3,0
78,27.31,9,2023-02-28 09:24:00,Tuesday,9,0
123,46.05,7,2023-03-01 12:09:00,Wednesday,12,0
153,17.71,10,2023-03-02 03:43:00,Thursday,3,0
191,50.6,8,2023-03-02 14:47:00,Thursday,14,0
92,71.62,9,2023-03-02 21:44:00,Thursday,21,0
58,33.47,5,2023-03-03 10:35:00,Friday,10,0
136,74.34,5,2023-03-03 10:55:00,Friday,10,0
27,75.2,1,2023-03-04 00:58:00,Saturday,0,1
69,15.04,7,2023-03-04 01:57:00,Saturday,1,1
46,53.57,8,2023-03-04 07:59:00,Saturday,7,1
154,79.31,2,2023-03-04 13:47:00,Saturday,13,1
91,47.35,4,2023-03-04 15:47:00,Saturday,15,1
26,64.05,8,2023-03-04 23:02:00,Saturday,23,1
5,67.38,1,2023-03-04 23:11:00,Saturday,23,1
122,70.61,5,2023-03-05 18:10:00,Sunday,18,1
67,34.06,4,2023-03-06 23:26:00,Monday,23,0
32,42.07,6,2023-03-07 03:24:00,Tuesday,3,0
116,18.61,6,2023-03-07 04:44:00,Tuesday,4,0
79,49.16,8,2023-03-08 00:46:00,Wednesday,0,0
122,8.89,7,2023-03-08 13:23:00,Wednesday,13,0
51,33.59,5,2023-03-08 13:58:00,Wednesday,13,0
43,92.11,4,2023-03-08 20:17:00,Wednesday,20,0
15,21.72,6,2023-03-09 18:19:00,Thursday,18,0
180,21.47,8,2023-03-09 19:28:00,Thursday,19,0
187,32.22,2,2023-03-10 10:20:00,Friday,10,0
121,11.18,4,2023-03-10 13:46:00,Friday,13,0
92,45.73,10,2023-03-10 20:25:00,Friday,20,0
138,19.74,6,2023-03-10 21:19:00,Friday,21,0
150,11.34,6,2023-03-11 09:56:00,Saturday,9,1
2,97.81,10,2023-03-11 09:59:00,Saturday,9,1
105,88.38,4,2023-03-12 10:34:00,Sunday,10,1
109,97.03,3,2023-03-12 23:27:00,Sunday,23,1
27,30.38,2,2023-03-13 22:32:00,Monday,22,0
70,97.1,1,2023-03-14 11:07:00,Tuesday,11,0
103,49.72,4,2023-03-14 16:20:00,Tuesday,16,0
18,90.89,7,2023-03-14 17:16:00,Tuesday,17,0
12,24.71,9,2023-03-15 03:46:00,Wednesday,3,0
175,50.85,10,2023-03-15 08:09:00,Wednesday,8,0
162,60.32,7,2023-03-15 10:27:00,Wednesday,10,0
107,50.46,6,2023-03-15 13:29:00,Wednesday,13,0
163,50.55,2,2023-03-15 14:47:00,Wednesday,14,0
108,52.36,9,2023-03-16 04:23:00,Thursday,4,0
155,28.27,1,2023-03-16 15:15:00,Thursday,15,0
132,63.61,4,2023-03-16 19:06:00,Thursday,19,0
46,32.39,10,2023-03-17 02:13:00,Friday,2,0
161,38.5,9,2023-03-17 02:52:00,Friday,2,0
62,98.89,6,2023-03-17 08:25:00,Friday,8,0
111,43.23,10,2023-03-17 21:43:00,Friday,21,0
191,9.87,3,2023-03-18 10:33:00,Saturday,10,1
63,66.48,10,2023-03-18 15:56:00,Saturday,15,1
186,85.52,8,2023-03-18 16:42:00,Saturday,16,1
54,89.2,4,2023-03-19 04:08:00,Sunday,4,1
16,59.13,8,2023-03-19 06:34:00,Sunday,6,1
116,71.33,8,2023-03-19 11:29:00,Sunday,11,1
168,51.75,4,2023-03-19 13:03:00,Sunday,13,1
122,22.22,2,2023-03-19 14:50:00,Sunday,14,1
197,43.78,6,2023-03-20 05:03:00,Monday,5,0
23,9.64,8,2023-03-20 14:35:00,Monday,14,0
113,22.89,4,2023-03-21 01:24:00,Tuesday,1,0
194,96.47,1,2023-03-21 14:06:00,Tuesday,14,0
189,24.45,5,2023-03-21 19:32:00,Tuesday,19,0
106,99.55,3,2023-03-22 02:17:00,Wednesday,2,0
192,90.9,10,2023-03-22 02:31:00,Wednesday,2,0
5,21.51,5,2023-03-22 13:24:00,Wednesday,13,0
55,6.8,5,2023-03-22 19:24:00,Wednesday,19,0
113,34.33,8,2023-03-22 21:17:00,Wednesday,21,0
96,79.95,1,2023-03-23 20:58:00,Thursday,20,0
9,12.03,1,2023-03-24 03:31:00,Friday,3,0
63,59.6,5,2023-03-24 06:51:00,Friday,6,0
48,97.38,3,2023-03-24 11:33:00,Friday,11,0
93,75.75,10,2023-03-24 16:36:00,Friday,16,0
200,52.65,5,2023-03-24 19:50:00,Friday,19,0
153,80.99,9,2023-03-25 03:54:00,Saturday,3,1
182,18.3,10,2023-03-25 09:47:00,Saturday,9,1
192,92.1,5,2023-03-25 20:17:00,Saturday,20,1
180,27.36,4,2023-03-26 11:08:00,Sunday,11,1
93,71.86,3,2023-03-26 11:27:00,Sunday,11,1
166,18.4,7,2023-03-26 15:39:00,Sunday,15,1
94,31.13,9,2023-03-26 17:13:00,Sunday,17,1
176,53.33,9,2023-03-26 21:10:00,Sunday,21,1
200,65.28,7,2023-03-27 01:31:00,Monday,1,0
106,33.65,6,2023-03-27 13:46:00,Monday,13,0
173,10.25,9,2023-03-27 17:23:00,Monday,17,0
53,19.08,9,2023-03-28 20:02:00,Tuesday,20,0
138,41.84,8,2023-03-28 20:17:00,Tuesday,20,0
160,74.08,8,2023-03-28 23:44:00,Tuesday,23,0
164,52.28,6,2023-03-29 10:28:00,Wednesday,10,0
86,48.5,3,2023-03-29 10:30:00,Wednesday,10,0
123,92.55,7,2023-03-29 10:49:00,Wednesday,10,0
77,42.05,6,2023-03-30 02:56:00,Thursday,2,0
110,30.82,8,2023-03-30 07:52:00,Thursday,7,0
23,43.69,9,2023-03-30 12:26:00,Thursday,12,0
71,99.51,4,2023-03-31 13:58:00,Friday,13,0
52,76.7,10,2023-04-01 00:17:00,Saturday,0,1
183,92.82,8,2023-04-01 05:15:00,Saturday,5,1
164,95.38,5,2023-04-01 16:41:00,Saturday,16,1
29,55.05,5,2023-04-02 17:12:00,Sunday,17,1
152,36.67,6,2023-04-03 20:58:00,Monday,20,0
6,75.29,7,2023-04-03 23:41:00,Monday,23,0
198,42.1,1,2023-04-04 15:31:00,Tuesday,15,0
183,49.9,7,2023-04-04 18:04:00,Tuesday,18,0
78,52.76,9,2023-04-07 11:35:00,Friday,11,0
194,17.88,7,2023-04-07 16:40:00,Friday,16,0
193,14.42,2,2023-04-07 17:21:00,Friday,17,0
113,9.98,2,2023-04-07 17:28:00,Friday,17,0
150,53.5,4,2023-04-07 19:38:00,Friday,19,0
80,21.27,9,2023-04-08 16:21:00,Saturday,16,1
85,30.0,10,2023-04-09 09:26:00,Sunday,9,1
169,31.0,10,2023-04-09 09:35:00,Sunday,9,1
183,23.16,5,2023-04-09 16:10:00,Sunday,16,1
192,23.04,2,2023-04-09 20:30:00,Sunday,20,1
190,23.77,9,2023-04-10 02:19:00,Monday,2,0
200,50.99,4,2023-04-10 10:06:00,Monday,10,0
111,25.47,9,2023-04-11 00:02:00,Tuesday,0,0
72,99.54,10,2023-04-11 14:52:00,Tuesday,14,0
40,97.7,7,2023-04-11 17:45:00,Tuesday,17,0
119,25.22,5,2023-04-12 16:27:00,Wednesday,16,0
188,43.17,5,2023-04-12 18:26:00,Wednesday,18,0
46,39.1,4,2023-04-13 14:19:00,Thursday,14,0
87,58.03,6,2023-04-13 18:36:00,Thursday,18,0
54,96.17,1,2023-04-14 07:26:00,Friday,7,0
164,84.48,9,2023-04-14 08:45:00,Friday,8,0
187,97.53,8,2023-04-14 17:10:00,Friday,17,0
176,26.82,7,2023-04-14 18:36:00,Friday,18,0
125,46.28,9,2023-04-15 12:06:00,Saturday,12,1
180,74.75,10,2023-04-15 18:31:00,Saturday,18,1
72,99.97,9,2023-04-15 19:09:00,Saturday,19,1
12,14.51,7,2023-04-15 20:19:00,Saturday,20,1
134,29.46,1,2023-04-16 07:10:00,Sunday,7,1
193,91.08,1,2023-04-16 09:44:00,Sunday,9,1
130,11.42,5,2023-04-16 23:30:00,Sunday,23,1
99,24.72,2,2023-04-16 23:36:00,Sunday,23,1
30,9.46,8,2023-04-17 00:23:00,Monday,0,0
57,90.19,10,2023-04-17 04:26:00,Monday,4,0
38,22.6,10,2023-04-17 06:08:00,Monday,6,0
37,81.23,5,2023-04-17 09:10:00,Monday,9,0
49,60.29,2,2023-04-17 09:16:00,Monday,9,0
28,91.65,6,2023-04-17 16:37:00,Monday,16,0
22,25.2,10,2023-04-17 18:01:00,Monday,18,0
76,43.41,10,2023-04-18 23:18:00,Tuesday,23,0
40,49.12,2,2023-04-19 08:52:00,Wednesday,8,0
104,57.02,7,2023-04-19 10:19:00,Wednesday,10,0
92,90.1,6,2023-04-20 04:50:00,Thursday,4,0
189,69.7,2,2023-04-20 06:18:00,Thursday,6,0
97,9.83,9,2023-04-22 08:55:00,Saturday,8,1
135,65.28,5,2023-04-23 05:50:00,Sunday,5,1
87,96.02,4,2023-04-23 11:42:00,Sunday,11,1
123,61.78,4,2023-04-24 03:20:00,Monday,3,0
42,83.2,2,2023-04-24 12:58:00,Monday,12,0
172,92.21,8,2023-04-24 17:19:00,Monday,17,0
90,76.76,5,2023-04-24 23:51:00,Monday,23,0
182,18.88,3,2023-04-25 21:48:00,Tuesday,21,0
141,39.97,6,2023-04-25 22:45:00,Tuesday,22,0
149,21.48,7,2023-04-26 00:19:00,Wednesday,0,0
66,64.93,8,2023-04-26 14:19:00,Wednesday,14,0
158,58.8,9,2023-04-27 00:15:00,Thursday,0,0
175,59.81,2,2023-04-28 02:41:00,Friday,2,0
165,25.96,7,2023-04-28 07:46:00,Friday,7,0
51,57.31,1,2023-04-28 07:55:00,Friday,7,0
159,74.08,4,2023-04-28 13:01:00,Friday,13,0
73,73.13,6,2023-04-28 19:35:00,Friday,19,0
72,87.18,7,2023-04-28 23:34:00,Friday,23,0
199,71.47,6,2023-04-30 09:26:00,Sunday,9,1
93,97.03,5,2023-04-30 21:48:00,Sunday,21,1
134,58.08,6,2023-05-01 08:35:00,Monday,8,0
49,90.47,9,2023-05-01 16:15:00,Monday,16,0
101,62.4,7,2023-05-02 02:27:00,Tuesday,2,0
28,80.81,7,2023-05-04 04:38:00,Thursday,4,0
141,36.29,10,2023-05-04 14:27:00,Thursday,14,0
25,54.73,6,2023-05-04 15:14:00,Thursday,15,0
198,44.25,1,2023-05-04 16:46:00,Thursday,16,0
56,87.13,2,2023-05-05 05:01:00,Friday,5,0
124,61.76,6,2023-05-05 19:06:00,Friday,19,0
164,31.7,9,2023-05-06 11:05:00,Saturday,11,1
115,25.49,8,2023-05-06 15:49:00,Saturday,15,1
103,65.41,8,2023-05-06 17:13:00,Saturday,17,1
115,56.01,2,2023-05-06 17:36:00,Saturday,17,1
14,61.3,3,2023-05-07 03:36:00,Sunday,3,1
29,25.58,8,2023-05-09 05:16:00,Tuesday,5,0
51,97.5,2,2023-05-10 00:04:00,Wednesday,0,0
58,51.07,9,2023-05-10 09:56:00,Wednesday,9,0
154,58.64,9,2023-05-10 18:23:00,Wednesday,18,0
104,80.9,8,2023-05-10 20:28:00,Wednesday,20,0
131,73.88,2,2023-05-11 06:26:00,Thursday,6,0
197,16.64,5,2023-05-11 22:34:00,Thursday,22,0
186,79.12,1,2023-05-12 08:57:00,Friday,8,0
8,57.19,7,2023-05-12 13:00:00,Friday,13,0
195,94.66,1,2023-05-12 23:43:00,Friday,23,0
179,47.86,6,2023-05-13 05:32:00,Saturday,5,1
20,48.92,7,2023-05-13 14:46:00,Saturday,14,1
163,5.9,7,2023-05-14 07:10:00,Sunday,7,1
24,82.65,2,2023-05-14 15:39:00,Sunday,15,1
87,29.66,4,2023-05-15 00:09:00,Monday,0,0
84,75.9,6,2023-05-15 12:27:00,Monday,12,0
29,46.16,6,2023-05-15 15:05:00,Monday,15,0
88,62.81,2,2023-05-16 09:13:00,Tuesday,9,0
52,93.32,1,2023-05-16 19:45:00,Tuesday,19,0
168,99.47,9,2023-05-16 23:19:00,Tuesday,23,0
58,35.46,3,2023-05-17 08:42:00,Wednesday,8,0
57,71.36,10,2023-05-17 09:43:00,Wednesday,9,0
162,60.78,9,2023-05-17 10:46:00,Wednesday,10,0
27,12.76,3,2023-05-17 21:13:00,Wednesday,21,0
126,89.76,2,2023-05-18 11:43:00,Thursday,11,0
116,41.21,2,2023-05-18 19:02:00,Thursday,19,0
27,20.04,10,2023-05-19 01:26:00,Friday,1,0
191,65.92,1,2023-05-19 10:33:00,Friday,10,0
71,94.46,9,2023-05-19 14:19:00,Friday,14,0
20,30.72,1,2023-05-19 20:24:00,Friday,20,0
133,32.33,2,2023-05-20 12:17:00,Saturday,12,1
73,21.8,2,2023-05-20 12:22:00,Saturday,12,1
13,51.12,7,2023-05-20 15:17:00,Saturday,15,1
2,59.05,9,2023-05-20 17:29:00,Saturday,17,1
2,93.02,5,2023-05-20 22:59:00,Saturday,22,1
145,53.91,10,2023-05-21 13:35:00,Sunday,13,1
9,22.78,2,2023-05-21 18:36:00,Sunday,18,1
171,65.13,1,2023-05-22 06:56:00,Monday,6,0
150,66.16,7,2023-05-22 11:45:00,Monday,11,0
113,36.76,10,2023-05-23 08:50:00,Tuesday,8,0
194,52.09,5,2023-05-23 10:01:00,Tuesday,10,0
136,36.51,6,2023-05-23 14:41:00,Tuesday,14,0
115,30.67,1,2023-05-24 04:49:00,Wednesday,4,0
160,90.02,7,2023-05-24 06:16:00,Wednesday,6,0
11,67.89,4,2023-05-24 09:04:00,Wednesday,9,0
36,87.26,1,2023-05-24 11:43:00,Wednesday,11,0
27,52.23,6,2023-05-24 12:01:00,Wednesday,12,0
167,83.64,2,2023-05-24 20:17:00,Wednesday,20,0
142,14.65,5,2023-05-25 02:40:00,Thursday,2,0
124,8.97,8,2023-05-25 07:15:00,Thursday,7,0
36,32.66,9,2023-05-25 19:00:00,Thursday,19,0
100,54.6,2,2023-05-25 19:42:00,Thursday,19,0
105,57.76,5,2023-05-26 02:50:00,Friday,2,0
132,84.66,6,2023-05-26 09:20:00,Friday,9,0
21,33.01,6,2023-05-26 21:57:00,Friday,21,0
121,27.76,1,2023-05-27 10:24:00,Saturday,10,1
71,40.39,9,2023-05-27 18:15:00,Saturday,18,1
157,12.69,7,2023-05-28 16:42:00,Sunday,16,1
88,22.92,8,2023-05-29 05:22:00,Monday,5,0
175,41.38,6,2023-05-29 19:43:00,Monday,19,0
60,48.92,2,2023-05-29 20:25:00,Monday,20,0
76,76.69,2,2023-05-29 22:05:00,Monday,22,0
194,42.22,4,2023-05-30 16:24:00,Tuesday,16,0
181,93.28,2,2023-05-30 22:06:00,Tuesday,22,0
48,56.91,9,2023-05-31 01:39:00,Wednesday,1,0
103,59.04,6,2023-06-01 06:32:00,Thursday,6,0
2,36.8,5,2023-06-02 03:09:00,Friday,3,0
108,88.36,5,2023-06-02 10:13:00,Friday,10,0
93,57.81,7,2023-06-02 21:03:00,Friday,21,0
1,88.84,4,2023-06-03 16:18:00,Saturday,16,1
126,87.37,5,2023-06-03 19:46:00,Saturday,19,1
150,18.84,5,2023-06-04 09:53:00,Sunday,9,1
146,77.68,9,2023-06-05 09:41:00,Monday,9,0
114,76.8,7,2023-06-05 17:30:00,Monday,17,0
17,77.11,6,2023-06-05 23:46:00,Monday,23,0
17,70.76,10,2023-06-06 05:14:00,Tuesday,5,0
93,80.02,2,2023-06-06 10:12:00,Tuesday,10,0
190,79.35,2,2023-06-06 10:33:00,Tuesday,10,0
12,68.87,2,2023-06-06 22:42:00,Tuesday,22,0
152,88.84,5,2023-06-07 11:40:00,Wednesday,11,0
55,64.5,4,2023-06-08 02:38:00,Thursday,2,0
149,18.41,4,2023-06-08 07:15:00,Thursday,7,0
175,86.33,8,2023-06-08 22:50:00,Thursday,22,0
180,12.95,8,2023-06-09 06:14:00,Friday,6,0
5,42.6,2,2023-06-09 10:05:00,Friday,10,0
3,43.78,3,2023-06-09 16:28:00,Friday,16,0
149,41.41,2,2023-06-10 01:07:00,Saturday,1,1
99,44.03,10,2023-06-10 10:10:00,Saturday,10,1
139,57.47,1,2023-06-10 12:50:00,Saturday,12,1
113,61.73,1,2023-06-11 03:06:00,Sunday,3,1
191,10.91,8,2023-06-11 08:14:00,Sunday,8,1
31,36.58,4,2023-06-12 10:06:00,Monday,10,0
6,59.3,1,2023-06-12 10:13:00,Monday,10,0
59,92.17,7,2023-06-12 12:26:00,Monday,12,0
159,93.39,1,2023-06-12 23:48:00,Monday,23,0
126,81.94,5,2023-06-13 09:42:00,Tuesday,9,0
180,14.84,4,2023-06-14 18:14:00,Wednesday,18,0
167,14.28,6,2023-06-14 21:02:00,Wednesday,21,0
157,79.85,7,2023-06-15 09:11:00,Thursday,9,0
114,70.12,4,2023-06-15 21:56:00,Thursday,21,0
191,22.64,8,2023-06-15 23:04:00,Thursday,23,0
187,99.19,2,2023-06-16 09:42:00,Friday,9,0
51,44.74,9,2023-06-17 03:00:00,Saturday,3,1
106,58.54,3,2023-06-17 05:49:00,Saturday,5,1
118,28.65,7,2023-06-17 12:09:00,Saturday,12,1
20,55.55,9,2023-06-17 21:26:00,Saturday,21,1
42,14.66,9,2023-06-17 21:42:00,Saturday,21,1
174,64.14,10,2023-06-18 01:09:00,Sunday,1,1
20,29.0,3,2023-06-18 06:43:00,Sunday,6,1
17,5.26,7,2023-06-19 14:34:00,Monday,14,0
169,95.57,6,2023-06-20 04:19:00,Tuesday,4,0
42,16.37,2,2023-06-20 11:09:00,Tuesday,11,0
46,67.9,3,2023-06-20 11:48:00,Tuesday,11,0
44,28.35,5,2023-06-21 03:07:00,Wednesday,3,0
151,90.94,5,2023-06-21 07:04:00,Wednesday,7,0
13,63.71,4,2023-06-21 18:05:00,Wednesday,18,0
92,97.92,1,2023-06-21 22:28:00,Wednesday,22,0
166,29.65,10,2023-06-21 23:31:00,Wednesday,23,0
97,50.99,9,2023-06-22 06:26:00,Thursday,6,0
39,62.84,9,2023-06-23 04:54:00,Friday,4,0
97,86.64,5,2023-06-23 12:46:00,Friday,12,0
97,54.83,2,2023-06-23 13:11:00,Friday,13,0
132,94.15,2,2023-06-23 21:40:00,Friday,21,0
192,62.75,1,2023-06-23 22:35:00,Friday,22,0
34,35.77,1,2023-06-24 22:47:00,Saturday,22,1
14,17.23,10,2023-06-26 02:29:00,Monday,2,0
99,37.19,6,2023-06-26 06:32:00,Monday,6,0
152,88.67,9,2023-06-26 10:16:00,Monday,10,0
113,34.35,10,2023-06-26 11:25:00,Monday,11,0
124,22.3,6,2023-06-26 13:59:00,Monday,13,0
126,16.56,6,2023-06-26 18:00:00,Monday,18,0
109,5.35,1,2023-06-26 20:32:00,Monday,20,0
31,50.14,2,2023-06-26 20:59:00,Monday,20,0
179,38.12,3,2023-06-27 04:41:00,Tuesday,4,0
11,50.91,5,2023-06-27 04:47:00,Tuesday,4,0
171,49.98,6,2023-06-27 11:55:00,Tuesday,11,0
4,50.47,3,2023-06-27 15:15:00,Tuesday,15,0
97,93.33,6,2023-06-27 16:32:00,Tuesday,16,0
97,39.42,5,2023-06-27 16:58:00,Tuesday,16,0
105,49.31,4,2023-06-27 19:35:00,Tuesday,19,0
107,10.29,7,2023-06-27 22:00:00,Tuesday,22,0
61,18.99,7,2023-06-28 14:57:00,Wednesday,14,0
42,7.18,3,2023-06-29 11:30:00,Thursday,11,0
153,84.75,3,2023-06-30 10:43:00,Friday,10,0
75,89.6,2,2023-06-30 19:33:00,Friday,19,0
105,18.23,7,2023-06-30 20:14:00,Friday,20,0
140,76.75,10,2023-06-30 21:01:00,Friday,21,0
42,73.46,10,2023-07-01 09:24:00,Saturday,9,1
124,65.43,8,2023-07-01 20:51:00,Saturday,20,1
127,62.43,3,2023-07-02 05:44:00,Sunday,5,1
3,22.24,3,2023-07-02 10:16:00,Sunday,10,1
126,31.5,7,2023-07-02 16:11:00,Sunday,16,1
95,48.19,2,2023-07-03 05:44:00,Monday,5,0
111,94.78,2,2023-07-03 14:24:00,Monday,14,0
124,76.25,5,2023-07-03 17:17:00,Monday,17,0
106,45.46,6,2023-07-03 18:55:00,Monday,18,0
45,33.14,3,2023-07-04 00:38:00,Tuesday,0,0
40,20.84,8,2023-07-04 03:23:00,Tuesday,3,0
57,49.4,2,2023-07-04 06:58:00,Tuesday,6,0
40,47.69,1,2023-07-05 10:22:00,Wednesday,10,0
46,8.1,7,2023-07-05 16:28:00,Wednesday,16,0
147,61.97,1,2023-07-05 21:48:00,Wednesday,21,0
142,46.19,4,2023-07-06 01:53:00,Thursday,1,0
15,62.57,9,2023-07-06 03:10:00,Thursday,3,0
9,15.53,3,2023-07-06 04:48:00,Thursday,4,0
173,70.85,7,2023-07-06 15:49:00,Thursday,15,0
154,29.12,6,2023-07-06 18:47:00,Thursday,18,0
42,9.28,1,2023-07-07 05:27:00,Friday,5,0
2,92.26,4,2023-07-07 14:07:00,Friday,14,0
134,73.33,6,2023-07-08 11:28:00,Saturday,11,1
168,41.09,6,2023-07-09 00:54:00,Sunday,0,1
179,46.05,4,2023-07-09 06:51:00,Sunday,6,1
108,77.72,8,2023-07-09 17:58:00,Sunday,17,1
131,63.15,9,2023-07-09 22:10:00,Sunday,22,1
65,31.52,10,2023-07-10 21:10:00,Monday,21,0
184,50.74,10,2023-07-10 22:26:00,Monday,22,0
122,66.2,1,2023-07-11 18:04:00,Tuesday,18,0
95,11.23,8,2023-07-11 18:34:00,Tuesday,18,0
147,95.58,2,2023-07-11 22:16:00,Tuesday,22,0
128,5.16,10,2023-07-12 17:00:00,Wednesday,17,0
97,14.24,3,2023-07-12 18:04:00,Wednesday,18,0
144,49.82,10,2023-07-13 08:17:00,Thursday,8,0
147,15.62,10,2023-07-13 18:30:00,Thursday,18,0
175,41.09,2,2023-07-14 02:51:00,Friday,2,0
109,49.98,2,2023-07-15 23:03:00,Saturday,23,1
188,32.21,7,2023-07-16 09:49:00,Sunday,9,1
39,76.35,8,2023-07-17 06:15:00,Monday,6,0
26,79.96,9,2023-07-17 10:22:00,Monday,10,0
11,67.04,3,2023-07-17 12:40:00,Monday,12,0
143,56.06,5,2023-07-17 12:52:00,Monday,12,0
43,28.08,4,2023-07-18 19:08:00,Tuesday,19,0
43,54.89,3,2023-07-18 21:36:00,Tuesday,21,0
37,61.64,8,2023-07-19 14:21:00,Wednesday,14,0
100,92.75,1,2023-07-19 17:26:00,Wednesday,17,0
169,82.92,1,2023-07-20 05:20:00,Thursday,5,0
25,76.74,7,2023-07-21 06:06:00,Friday,6,0
81,45.4,1,2023-07-21 23:14:00,Friday,23,0
53,10.55,3,2023-07-21 23:19:00,Friday,23,0
90,84.04,1,2023-07-22 09:56:00,Saturday,9,1
80,92.0,7,2023-07-22 19:19:00,Saturday,19,1
21,30.64,9,2023-07-23 01:33:00,Sunday,1,1
101,11.41,8,2023-07-23 02:35:00,Sunday,2,1
144,18.92,9,2023-07-23 12:30:00,Sunday,12,1
94,91.97,3,2023-07-23 23:25:00,Sunday,23,1
117,45.53,5,2023-07-25 04:25:00,Tuesday,4,0
178,14.16,2,2023-07-25 06:25:00,Tuesday,6,0
188,32.7,5,2023-07-25 15:50:00,Tuesday,15,0
140,24.28,9,2023-07-27 15:39:00,Thursday,15,0
109,70.89,9,2023-07-28 06:22:00,Friday,6,0
112,96.98,1,2023-07-28 11:49:00,Friday,11,0
121,43.69,7,2023-07-28 19:23:00,Friday,19,0
83,31.94,10,2023-07-29 10:05:00,Saturday,10,1
57,63.82,6,2023-07-29 12:45:00,Saturday,12,1
124,94.81,1,2023-07-29 15:03:00,Saturday,15,1
23,34.68,10,2023-07-29 19:24:00,Saturday,19,1
133,13.72,3,2023-07-30 07:30:00,Sunday,7,1
188,52.95,5,2023-07-31 00:12:00,Monday,0,0
121,76.4,10,2023-07-31 08:49:00,Monday,8,0
51,94.62,1,2023-07-31 13:39:00,Monday,13,0
184,90.39,1,2023-08-01 17:38:00,Tuesday,17,0
86,65.07,6,2023-08-02 09:54:00,Wednesday,9,0
150,89.27,4,2023-08-02 11:54:00,Wednesday,11,0
52,30.31,3,2023-08-03 06:21:00,Thursday,6,0
54,99.94,5,2023-08-03 14:04:00,Thursday,14,0
112,97.77,10,2023-08-03 20:23:00,Thursday,20,0
61,99.96,8,2023-08-04 05:28:00,Friday,5,0
10,97.15,7,2023-08-04 05:58:00,Friday,5,0
171,98.98,7,2023-08-04 06:18:00,Friday,6,0
59,58.38,10,2023-08-04 09:36:00,Friday,9,0
3,46.82,4,2023-08-04 21:50:00,Friday,21,0
50,26.96,6,2023-08-05 00:58:00,Saturday,0,1
2,37.48,3,2023-08-05 04:07:00,Saturday,4,1
199,19.99,6,2023-08-05 05:20:00,Saturday,5,1
131,80.12,2,2023-08-05 07:36:00,Saturday,7,1
31,13.59,6,2023-08-06 00:07:00,Sunday,0,1
123,7.8,9,2023-08-06 00:27:00,Sunday,0,1
124,60.82,10,2023-08-06 03:51:00,Sunday,3,1
66,84.3,8,2023-08-06 11:24:00,Sunday,11,1
125,30.23,10,2023-08-07 02:34:00,Monday,2,0
190,10.9,9,2023-08-07 03:25:00,Monday,3,0
198,5.07,3,2023-08-07 05:24:00,Monday,5,0
186,5.43,8,2023-08-07 11:34:00,Monday,11,0
9,71.21,3,2023-08-07 15:59:00,Monday,15,0
121,47.53,6,2023-08-07 16:36:00,Monday,16,0
146,18.71,8,2023-08-07 17:11:00,Monday,17,0
156,41.82,2,2023-08-08 04:46:00,Tuesday,4,0
56,80.62,9,2023-08-08 16:18:00,Tuesday,16,0
93,85.42,5,2023-08-09 01:11:00,Wednesday,1,0
163,25.66,7,2023-08-09 02:42:00,Wednesday,2,0
124,16.46,3,2023-08-09 06:10:00,Wednesday,6,0
78,78.39,1,2023-08-09 09:28:00,Wednesday,9,0
133,74.0,6,2023-08-09 14:46:00,Wednesday,14,0
67,34.24,8,2023-08-10 08:53:00,Thursday,8,0
103,25.79,9,2023-08-10 11:15:00,Thursday,11,0
35,88.99,7,2023-08-10 19:19:00,Thursday,19,0
60,24.69,5,2023-08-11 13:20:00,Friday,13,0
1,9.12,4,2023-08-11 17:31:00,Friday,17,0
12,53.02,10,2023-08-12 04:28:00,Saturday,4,1
137,45.05,1,2023-08-12 09:09:00,Saturday,9,1
148,68.53,1,2023-08-13 02:47:00,Sunday,2,1
26,58.81,7,2023-08-13 21:13:00,Sunday,21,1
191,43.47,2,2023-08-14 06:51:00,Monday,6,0
27,99.26,1,2023-08-15 11:36:00,Tuesday,11,0
34,35.95,7,2023-08-15 20:53:00,Tuesday,20,0
176,77.65,2,2023-08-16 09:32:00,Wednesday,9,0
149,96.4,5,2023-08-16 16:28:00,Wednesday,16,0
141,30.13,1,2023-08-16 20:25:00,Wednesday,20,0
71,33.96,9,2023-08-16 23:00:00,Wednesday,23,0
44,73.54,4,2023-08-17 07:51:00,Thursday,7,0
183,53.15,9,2023-08-18 14:10:00,Friday,14,0
179,69.95,5,2023-08-20 02:44:00,Sunday,2,1
154,59.43,1,2023-08-20 09:07:00,Sunday,9,1
106,69.0,6,2023-08-20 11:20:00,Sunday,11,1
120,19.69,10,2023-08-20 18:05:00,Sunday,18,1
68,14.8,6,2023-08-20 20:01:00,Sunday,20,1
27,63.72,5,2023-08-21 09:17:00,Monday,9,0
8,94.44,7,2023-08-21 09:23:00,Monday,9,0
154,53.33,1,2023-08-21 13:12:00,Monday,13,0
168,42.93,1,2023-08-22 16:37:00,Tuesday,16,0
80,72.36,7,2023-08-22 19:35:00,Tuesday,19,0
144,36.43,2,2023-08-22 20:04:00,Tuesday,20,0
27,83.1,10,2023-08-23 19:23:00,Wednesday,19,0
71,20.72,2,2023-08-24 01:33:00,Thursday,1,0
80,31.19,7,2023-08-24 23:31:00,Thursday,23,0
81,60.89,4,2023-08-25 03:18:00,Friday,3,0
30,97.9,6,2023-08-25 12:51:00,Friday,12,0
158,28.53,4,2023-08-26 09:59:00,Saturday,9,1
74,46.28,6,2023-08-26 12:33:00,Saturday,12,1
130,74.54,6,2023-08-27 12:59:00,Sunday,12,1
74,55.75,8,2023-08-28 02:26:00,Monday,2,0
157,74.17,8,2023-08-28 11:52:00,Monday,11,0
140,75.33,7,2023-08-29 06:12:00,Tuesday,6,0
163,71.1,9,2023-08-29 15:49:00,Tuesday,15,0
15,48.3,10,2023-08-30 07:03:00,Wednesday,7,0
56,58.7,7,2023-08-31 03:29:00,Thursday,3,0
165,87.69,3,2023-08-31 05:29:00,Thursday,5,0
133,13.97,9,2023-08-31 07:57:00,Thursday,7,0
24,51.65,10,2023-08-31 20:16:00,Thursday,20,0
78,23.3,1,2023-09-01 00:34:00,Friday,0,0
74,45.03,9,2023-09-01 10:41:00,Friday,10,0
200,28.39,8,2023-09-01 11:30:00,Friday,11,0
184,41.36,4,2023-09-01 18:23:00,Friday,18,0
107,52.21,1,2023-09-01 22:01:00,Friday,22,0
105,58.75,4,2023-09-02 12:21:00,Saturday,12,1
94,45.02,7,2023-09-02 13:47:00,Saturday,13,1
92,90.68,2,2023-09-02 15:49:00,Saturday,15,1
179,75.58,5,2023-09-02 22:53:00,Saturday,22,1
121,57.9,10,2023-09-03 19:36:00,Sunday,19,1
135,61.2,2,2023-09-04 12:30:00,Monday,12,0
53,47.07,1,2023-09-04 13:48:00,Monday,13,0
84,9.26,3,2023-09-04 22:34:00,Monday,22,0
32,8.21,6,2023-09-05 04:06:00,Tuesday,4,0
82,91.49,5,2023-09-05 09:40:00,Tuesday,9,0
53,51.98,5,2023-09-05 12:17:00,Tuesday,12,0
48,70.44,9,2023-09-05 16:50:00,Tuesday,16,0
88,49.13,4,2023-09-05 21:32:00,Tuesday,21,0
94,58.23,2,2023-09-06 06:26:00,Wednesday,6,0
168,88.23,3,2023-09-06 09:45:00,Wednesday,9,0
198,20.77,4,2023-09-07 18:00:00,Thursday,18,0
151,32.62,6,2023-09-07 18:10:00,Thursday,18,0
132,98.8,1,2023-09-07 18:25:00,Thursday,18,0
111,13.7,10,2023-09-07 18:44:00,Thursday,18,0
169,62.51,3,2023-09-09 00:48:00,Saturday,0,1
122,80.85,4,2023-09-09 10:23:00,Saturday,10,1
10,39.56,5,2023-09-09 20:36:00,Saturday,20,1
199,92.56,2,2023-09-09 22:53:00,Saturday,22,1
81,79.04,6,2023-09-10 06:19:00,Sunday,6,1
128,81.17,8,2023-09-10 06:32:00,Sunday,6,1
45,8.77,4,2023-09-10 06:44:00,Sunday,6,1
149,47.41,9,2023-09-10 07:51:00,Sunday,7,1
82,72.17,8,2023-09-10 08:31:00,Sunday,8,1
186,31.59,4,2023-09-10 19:39:00,Sunday,19,1
116,66.28,2,2023-09-10 22:26:00,Sunday,22,1
52,45.59,4,2023-09-11 03:12:00,Monday,3,0
161,96.34,3,2023-09-11 13:39:00,Monday,13,0
1,81.48,7,2023-09-12 02:13:00,Tuesday,2,0
40,97.65,7,2023-09-12 04:01:00,Tuesday,4,0
197,71.11,7,2023-09-13 02:36:00,Wednesday,2,0
22,62.82,9,2023-09-13 04:17:00,Wednesday,4,0
41,13.86,7,2023-09-13 06:02:00,Wednesday,6,0
114,14.01,3,2023-09-13 08:10:00,Wednesday,8,0
61,7.59,10,2023-09-14 20:27:00,Thursday,20,0
59,56.86,2,2023-09-17 22:50:00,Sunday,22,1
22,99.85,1,2023-09-18 06:40:00,Monday,6,0
55,76.8,9,2023-09-19 01:32:00,Tuesday,1,0
103,26.61,3,2023-09-19 23:45:00,Tuesday,23,0
50,91.93,8,2023-09-20 10:30:00,Wednesday,10,0
152,54.34,10,2023-09-20 17:04:00,Wednesday,17,0
58,16.14,9,2023-09-20 17:43:00,Wednesday,17,0
33,84.84,3,2023-09-20 21:26:00,Wednesday,21,0
100,17.55,9,2023-09-20 23:45:00,Wednesday,23,0
155,61.44,2,2023-09-21 02:13:00,Thursday,2,0
103,55.88,5,2023-09-21 05:01:00,Thursday,5,0
143,46.85,9,2023-09-21 06:27:00,Thursday,6,0
192,12.19,4,2023-09-21 17:32:00,Thursday,17,0
9,19.13,7,2023-09-21 21:44:00,Thursday,21,0
49,16.1,8,2023-09-21 23:20:00,Thursday,23,0
48,80.89,10,2023-09-22 01:41:00,Friday,1,0
19,84.47,9,2023-09-22 15:25:00,Friday,15,0
178,95.94,2,2023-09-23 03:58:00,Saturday,3,1
1,50.1,6,2023-09-23 04:29:00,Saturday,4,1
56,58.99,8,2023-09-23 07:07:00,Saturday,7,1
54,81.49,8,2023-09-23 07:53:00,Saturday,7,1
103,35.77,4,2023-09-23 08:05:00,Saturday,8,1
130,55.93,4,2023-09-23 16:52:00,Saturday,16,1
126,93.49,3,2023-09-24 04:32:00,Sunday,4,1
133,54.06,3,2023-09-25 06:24:00,Monday,6,0
154,27.56,10,2023-09-25 12:54:00,Monday,12,0
153,74.09,1,2023-09-26 00:09:00,Tuesday,0,0
26,83.37,5,2023-09-26 16:12:00,Tuesday,16,0
102,32.57,6,2023-09-26 16:48:00,Tuesday,16,0
106,83.32,10,2023-09-27 17:12:00,Wednesday,17,0
10,12.56,2,2023-09-27 18:24:00,Wednesday,18,0
126,23.1,8,2023-09-28 08:48:00,Thursday,8,0
74,32.96,8,2023-09-28 12:44:00,Thursday,12,0
109,42.63,7,2023-09-28 16:33:00,Thursday,16,0
86,17.01,5,2023-09-29 01:38:00,Friday,1,0
1,92.16,10,2023-09-29 06:07:00,Friday,6,0
143,76.35,4,2023-09-29 08:54:00,Friday,8,0
9,65.64,7,2023-09-30 00:25:00,Saturday,0,1
172,24.68,7,2023-09-30 10:01:00,Saturday,10,1
192,42.05,9,2023-09-30 21:06:00,Saturday,21,1
23,87.33,1,2023-10-01 02:03:00,Sunday,2,1
12,92.26,8,2023-10-01 20:25:00,Sunday,20,1
48,19.88,4,2023-10-01 20:40:00,Sunday,20,1
193,28.44,4,2023-10-02 00:32:00,Monday,0,0
112,93.85,3,2023-10-03 03:48:00,Tuesday,3,0
54,19.94,1,2023-10-03 04:09:00,Tuesday,4,0
39,39.18,2,2023-10-04 03:25:00,Wednesday,3,0
134,91.26,2,2023-10-04 09:24:00,Wednesday,9,0
176,48.77,5,2023-10-04 13:36:00,Wednesday,13,0
172,18.11,1,2023-10-04 15:15:00,Wednesday,15,0
114,80.37,5,2023-10-05 21:06:00,Thursday,21,0
172,49.43,4,2023-10-06 08:19:00,Friday,8,0
50,9.16,7,2023-10-06 16:37:00,Friday,16,0
3,69.05,8,2023-10-07 01:59:00,Saturday,1,1
87,49.41,9,2023-10-07 02:11:00,Saturday,2,1
134,22.61,9,2023-10-07 12:16:00,Saturday,12,1
60,11.61,1,2023-10-07 15:06:00,Saturday,15,1
39,48.09,10,2023-10-08 08:14:00,Sunday,8,1
186,88.05,3,2023-10-09 14:20:00,Monday,14,0
135,76.12,7,2023-10-09 18:16:00,Monday,18,0
136,72.44,7,2023-10-11 04:25:00,Wednesday,4,0
167,75.86,9,2023-10-11 05:11:00,Wednesday,5,0
116,42.2,1,2023-10-11 10:04:00,Wednesday,10,0
91,72.8,8,2023-10-11 12:26:00,Wednesday,12,0
148,82.75,5,2023-10-11 19:06:00,Wednesday,19,0
84,7.24,2,2023-10-12 09:00:00,Thursday,9,0
170,25.0,5,2023-10-12 10:51:00,Thursday,10,0
122,5.13,4,2023-10-12 11:14:00,Thursday,11,0
183,25.56,8,2023-10-12 13:28:00,Thursday,13,0
60,77.27,7,2023-10-12 18:15:00,Thursday,18,0
49,68.67,7,2023-10-13 02:40:00,Friday,2,0
83,31.93,1,2023-10-13 02:57:00,Friday,2,0
45,42.52,1,2023-10-14 08:08:00,Saturday,8,1
33,14.18,7,2023-10-14 08:33:00,Saturday,8,1
7,36.61,3,2023-10-14 22:49:00,Saturday,22,1
118,99.68,4,2023-10-15 12:06:00,Sunday,12,1
69,30.25,5,2023-10-15 15:14:00,Sunday,15,1
116,14.96,9,2023-10-16 11:32:00,Monday,11,0
119,49.32,10,2023-10-16 23:44:00,Monday,23,0
91,98.04,7,2023-10-17 04:49:00,Tuesday,4,0
65,74.38,10,2023-10-17 07:15:00,Tuesday,7,0
78,48.7,2,2023-10-17 11:23:00,Tuesday,11,0
152,82.62,3,2023-10-17 14:04:00,Tuesday,14,0
169,96.59,3,2023-10-17 15:35:00,Tuesday,15,0
48,71.35,6,2023-10-18 10:17:00,Wednesday,10,0
171,6.41,9,2023-10-18 14:23:00,Wednesday,14,0
162,15.37,2,2023-10-18 15:32:00,Wednesday,15,0
121,15.27,4,2023-10-18 17:16:00,Wednesday,17,0
164,16.11,3,2023-10-18 21:10:00,Wednesday,21,0
45,12.43,4,2023-10-18 22:17:00,Wednesday,22,0
32,73.03,6,2023-10-19 07:39:00,Thursday,7,0
165,54.68,10,2023-10-19 18:51:00,Thursday,18,0
171,79.25,5,2023-10-19 19:57:00,Thursday,19,0
120,72.94,1,2023-10-19 20:23:00,Thursday,20,0
189,74.29,4,2023-10-19 20:35:00,Thursday,20,0
74,50.08,9,2023-10-20 06:41:00,Friday,6,0
134,88.57,10,2023-10-20 07:11:00,Friday,7,0
192,24.83,1,2023-10-20 15:06:00,Friday,15,0
73,48.04,1,2023-10-21 01:26:00,Saturday,1,1
134,20.83,7,2023-10-21 07:31:00,Saturday,7,1
142,19.55,10,2023-10-21 14:31:00,Saturday,14,1
1,41.12,8,2023-10-21 18:51:00,Saturday,18,1
115,34.84,5,2023-10-21 19:18:00,Saturday,19,1
97,42.68,3,2023-10-22 10:33:00,Sunday,10,1
30,25.11,8,2023-10-22 13:48:00,Sunday,13,1
142,97.07,7,2023-10-22 19:01:00,Sunday,19,1
197,96.56,9,2023-10-23 08:47:00,Monday,8,0
130,24.34,10,2023-10-23 13:15:00,Monday,13,0
111,14.48,1,2023-10-23 17:39:00,Monday,17,0
108,71.55,7,2023-10-23 20:47:00,Monday,20,0
185,77.03,8,2023-10-24 08:08:00,Tuesday,8,0
182,26.96,1,2023-10-25 01:28:00,Wednesday,1,0
181,92.09,9,2023-10-25 17:39:00,Wednesday,17,0
97,51.39,10,2023-10-25 20:23:00,Wednesday,20,0
16,15.49,1,2023-10-26 09:07:00,Thursday,9,0
79,8.5,3,2023-10-26 12:25:00,Thursday,12,0
8,94.47,6,2023-10-26 22:57:00,Thursday,22,0
106,61.92,6,2023-10-27 05:43:00,Friday,5,0
31,40.72,4,2023-10-27 11:19:00,Friday,11,0
17,89.66,6,2023-10-27 18:35:00,Friday,18,0
59,71.82,5,2023-10-27 20:32:00,Friday,20,0
58,82.24,6,2023-10-30 08:25:00,Monday,8,0
41,62.74,3,2023-10-30 08:33:00,Monday,8,0
59,45.62,10,2023-10-31 00:22:00,Tuesday,0,0
171,8.08,4,2023-10-31 10:45:00,Tuesday,10,0
193,12.13,8,2023-11-02 03:58:00,Thursday,3,0
29,5.12,2,2023-11-02 04:20:00,Thursday,4,0
179,26.65,5,2023-11-02 05:34:00,Thursday,5,0
178,33.87,6,2023-11-03 02:07:00,Friday,2,0
98,7.01,9,2023-11-04 04:54:00,Saturday,4,1
195,42.21,5,2023-11-04 08:30:00,Saturday,8,1
91,22.13,7,2023-11-04 11:57:00,Saturday,11,1
145,51.34,8,2023-11-05 01:14:00,Sunday,1,1
75,28.57,8,2023-11-05 19:10:00,Sunday,19,1
49,94.88,4,2023-11-06 03:30:00,Monday,3,0
189,30.61,2,2023-11-06 23:46:00,Monday,23,0
181,59.01,6,2023-11-07 02:07:00,Tuesday,2,0
56,32.4,6,2023-11-07 17:47:00,Tuesday,17,0
110,28.94,9,2023-11-08 11:16:00,Wednesday,11,0
2,12.8,3,2023-11-08 16:48:00,Wednesday,16,0
121,55.76,4,2023-11-08 19:32:00,Wednesday,19,0
175,42.61,3,2023-11-09 07:34:00,Thursday,7,0
93,84.01,1,2023-11-09 10:59:00,Thursday,10,0
84,89.25,1,2023-11-10 08:51:00,Friday,8,0
181,47.89,3,2023-11-10 15:27:00,Friday,15,0
49,98.84,3,2023-11-11 16:31:00,Saturday,16,1
60,97.03,2,2023-11-12 04:51:00,Sunday,4,1
55,44.1,8,2023-11-12 10:59:00,Sunday,10,1
107,82.61,1,2023-11-12 19:12:00,Sunday,19,1
174,19.59,3,2023-11-14 00:38:00,Tuesday,0,0
181,25.93,7,2023-11-14 04:53:00,Tuesday,4,0
2,11.25,5,2023-11-14 06:12:00,Tuesday,6,0
194,73.22,10,2023-11-14 08:04:00,Tuesday,8,0
95,80.14,3,2023-11-15 00:06:00,Wednesday,0,0
95,88.25,3,2023-11-15 00:10:00,Wednesday,0,0
8,99.65,2,2023-11-15 23:28:00,Wednesday,23,0
33,70.62,2,2023-11-16 05:09:00,Thursday,5,0
19,15.85,7,2023-11-16 05:22:00,Thursday,5,0
65,24.9,5,2023-11-16 19:29:00,Thursday,19,0
131,42.94,2,2023-11-16 22:33:00,Thursday,22,0
39,72.14,1,2023-11-17 00:19:00,Friday,0,0
149,54.59,1,2023-11-17 02:32:00,Friday,2,0
190,28.61,4,2023-11-17 09:42:00,Friday,9,0
35,79.1,4,2023-11-18 06:45:00,Saturday,6,1
59,25.69,3,2023-11-20 00:05:00,Monday,0,0
120,97.02,9,2023-11-20 08:11:00,Monday,8,0
15,95.57,3,2023-11-20 12:41:00,Monday,12,0
188,31.93,8,2023-11-20 17:21:00,Monday,17,0
92,58.0,3,2023-11-20 18:17:00,Monday,18,0
17,10.97,1,2023-11-21 01:11:00,Tuesday,1,0
155,46.95,4,2023-11-21 02:12:00,Tuesday,2,0
6,86.01,5,2023-11-21 12:34:00,Tuesday,12,0
23,49.09,9,2023-11-22 02:28:00,Wednesday,2,0
153,14.31,4,2023-11-23 00:07:00,Thursday,0,0
148,76.0,2,2023-11-23 10:35:00,Thursday,10,0
129,19.55,5,2023-11-23 15:39:00,Thursday,15,0
111,33.61,4,2023-11-23 18:13:00,Thursday,18,0
58,37.85,5,2023-11-24 01:33:00,Friday,1,0
133,45.55,9,2023-11-24 16:35:00,Friday,16,0
199,84.0,1,2023-11-24 22:23:00,Friday,22,0
68,72.96,4,2023-11-25 02:31:00,Saturday,2,1
130,34.21,8,2023-11-25 12:47:00,Saturday,12,1
163,86.28,8,2023-11-25 17:47:00,Saturday,17,1
32,15.78,10,2023-11-25 22:10:00,Saturday,22,1
126,56.07,10,2023-11-26 03:24:00,Sunday,3,1
16,74.35,3,2023-11-26 14:48:00,Sunday,14,1
36,44.79,3,2023-11-26 15:46:00,Sunday,15,1
166,26.38,1,2023-11-26 17:28:00,Sunday,17,1
185,66.31,2,2023-11-26 19:38:00,Sunday,19,1
189,72.04,4,2023-11-26 19:55:00,Sunday,19,1
27,30.2,5,2023-11-27 07:16:00,Monday,7,0
179,15.43,9,2023-11-27 07:30:00,Monday,7,0
189,73.72,6,2023-11-27 09:36:00,Monday,9,0
172,39.26,8,2023-11-27 13:51:00,Monday,13,0
154,53.48,8,2023-11-27 18:24:00,Monday,18,0
2,39.44,2,2023-11-28 06:25:00,Tuesday,6,0
31,29.88,8,2023-11-28 12:55:00,Tuesday,12,0
2,58.61,2,2023-11-28 18:29:00,Tuesday,18,0
163,42.37,3,2023-11-29 02:16:00,Wednesday,2,0
21,75.89,9,2023-11-29 05:08:00,Wednesday,5,0
165,39.72,7,2023-11-29 05:41:00,Wednesday,5,0
133,25.27,9,2023-11-30 00:12:00,Thursday,0,0
108,21.18,9,2023-11-30 02:57:00,Thursday,2,0
99,5.8,2,2023-12-02 04:53:00,Saturday,4,1
164,55.19,6,2023-12-02 07:19:00,Saturday,7,1
152,84.61,4,2023-12-02 14:28:00,Saturday,14,1
13,33.72,2,2023-12-02 23:12:00,Saturday,23,1
189,39.16,7,2023-12-03 06:29:00,Sunday,6,1
161,45.0,4,2023-12-03 09:36:00,Sunday,9,1
130,39.05,4,2023-12-03 10:59:00,Sunday,10,1
59,89.68,3,2023-12-03 14:53:00,Sunday,14,1
186,44.81,2,2023-12-03 15:40:00,Sunday,15,1
54,63.07,3,2023-12-04 03:38:00,Monday,3,0
42,82.54,4,2023-12-04 08:44:00,Monday,8,0
196,56.18,7,2023-12-04 09:25:00,Monday,9,0
13,39.33,7,2023-12-04 21:29:00,Monday,21,0
168,46.78,3,2023-12-04 22:30:00,Monday,22,0
164,25.35,10,2023-12-05 02:49:00,Tuesday,2,0
5,62.88,3,2023-12-05 06:17:00,Tuesday,6,0
7,23.0,8,2023-12-05 09:39:00,Tuesday,9,0
138,69.53,9,2023-12-05 20:29:00,Tuesday,20,0
80,79.64,2,2023-12-05 22:12:00,Tuesday,22,0
143,97.18,4,2023-12-06 06:44:00,Wednesday,6,0
24,34.75,6,2023-12-06 18:33:00,Wednesday,18,0
31,60.67,9,2023-12-06 18:35:00,Wednesday,18,0
176,67.56,1,2023-12-07 03:32:00,Thursday,3,0
146,87.54,4,2023-12-07 04:41:00,Thursday,4,0
5,64.27,1,2023-12-07 10:24:00,Thursday,10,0
12,5.57,3,2023-12-07 20:04:00,Thursday,20,0
121,7.2,3,2023-12-07 22:39:00,Thursday,22,0
8,26.62,5,2023-12-08 01:41:00,Friday,1,0
122,31.56,4,2023-12-08 10:03:00,Friday,10,0
77,24.92,8,2023-12-09 09:54:00,Saturday,9,1
93,7.88,5,2023-12-09 14:07:00,Saturday,14,1
140,55.44,3,2023-12-09 14:46:00,Saturday,14,1
81,96.58,7,2023-12-09 16:14:00,Saturday,16,1
117,72.32,6,2023-12-10 09:36:00,Sunday,9,1
75,97.46,9,2023-12-11 02:06:00,Monday,2,0
11,71.23,9,2023-12-11 02:44:00,Monday,2,0
88,96.75,7,2023-12-11 08:15:00,Monday,8,0
141,97.91,10,2023-12-11 08:54:00,Monday,8,0
47,37.95,9,2023-12-11 09:16:00,Monday,9,0
69,28.2,5,2023-12-11 10:17:00,Monday,10,0
141,56.87,3,2023-12-12 07:34:00,Tuesday,7,0
152,16.58,5,2023-12-12 17:04:00,Tuesday,17,0
49,83.51,7,2023-12-13 02:30:00,Wednesday,2,0
82,54.89,2,2023-12-13 08:44:00,Wednesday,8,0
119,94.8,8,2023-12-13 10:20:00,Wednesday,10,0
196,22.77,8,2023-12-13 23:23:00,Wednesday,23,0
53,33.94,10,2023-12-14 06:07:00,Thursday,6,0
15,8.37,8,2023-12-14 06:54:00,Thursday,6,0
136,63.14,9,2023-12-15 10:46:00,Friday,10,0
80,47.42,1,2023-12-15 11:10:00,Friday,11,0
123,28.56,6,2023-12-15 15:06:00,Friday,15,0
75,12.47,10,2023-12-15 18:37:00,Friday,18,0
66,99.02,9,2023-12-15 20:39:00,Friday,20,0
173,57.89,1,2023-12-16 01:32:00,Saturday,1,1
23,89.95,6,2023-12-16 05:58:00,Saturday,5,1
182,41.71,5,2023-12-16 09:49:00,Saturday,9,1
65,92.54,5,2023-12-16 18:14:00,Saturday,18,1
176,93.98,10,2023-12-16 22:06:00,Saturday,22,1
136,56.92,2,2023-12-17 01:20:00,Sunday,1,1
102,71.53,10,2023-12-17 02:25:00,Sunday,2,1
43,40.65,2,2023-12-17 08:20:00,Sunday,8,1
175,96.65,2,2023-12-17 08:54:00,Sunday,8,1
82,63.56,5,2023-12-17 19:09:00,Sunday,19,1
20,64.58,2,2023-12-17 20:10:00,Sunday,20,1
44,61.08,2,2023-12-18 08:40:00,Monday,8,0
59,36.58,8,2023-12-18 08:58:00,Monday,8,0
153,56.02,6,2023-12-18 20:45:00,Monday,20,0
44,78.04,7,2023-12-19 01:04:00,Tuesday,1,0
158,54.63,8,2023-12-19 08:44:00,Tuesday,8,0
174,97.8,9,2023-12-19 12:28:00,Tuesday,12,0
136,46.09,1,2023-12-20 08:53:00,Wednesday,8,0
163,72.13,4,2023-12-20 14:07:00,Wednesday,14,0
190,69.02,6,2023-12-21 06:44:00,Thursday,6,0
70,63.29,10,2023-12-21 12:31:00,Thursday,12,0
172,73.97,5,2023-12-21 13:44:00,Thursday,13,0
148,94.15,5,2023-12-21 16:17:00,Thursday,16,0
20,74.31,4,2023-12-22 01:35:00,Friday,1,0
109,16.59,9,2023-12-22 05:31:00,Friday,5,0
42,91.28,1,2023-12-22 22:23:00,Friday,22,0
11,89.49,7,2023-12-23 00:33:00,Saturday,0,1
94,94.2,7,2023-12-23 05:53:00,Saturday,5,1
113,52.32,2,2023-12-23 06:23:00,Saturday,6,1
102,9.2,6,2023-12-23 09:11:00,Saturday,9,1
110,75.48,2,2023-12-23 09:51:00,Saturday,9,1
137,46.1,9,2023-12-23 13:12:00,Saturday,13,1
108,38.33,9,2023-12-23 18:27:00,Saturday,18,1
57,74.58,7,2023-12-23 21:20:00,Saturday,21,1
194,74.76,4,2023-12-24 00:07:00,Sunday,0,1
197,8.94,6,2023-12-24 01:27:00,Sunday,1,1
29,80.66,10,2023-12-24 16:46:00,Sunday,16,1
34,46.03,2,2023-12-24 17:24:00,Sunday,17,1
41,20.76,10,2023-12-25 00:07:00,Monday,0,0
129,45.97,9,2023-12-25 00:16:00,Monday,0,0
22,24.45,9,2023-12-25 05:53:00,Monday,5,0
12,29.39,7,2023-12-25 09:42:00,Monday,9,0
102,28.89,6,2023-12-25 12:18:00,Monday,12,0
174,52.83,5,2023-12-26 02:07:00,Tuesday,2,0
61,26.91,2,2023-12-26 02:41:00,Tuesday,2,0
84,66.97,7,2023-12-26 09:31:00,Tuesday,9,0
48,82.47,9,2023-12-26 11:49:00,Tuesday,11,0
191,27.08,2,2023-12-26 22:30:00,Tuesday,22,0
72,89.45,4,2023-12-27 05:48:00,Wednesday,5,0
187,7.14,6,2023-12-27 23:37:00,Wednesday,23,0
105,52.37,4,2023-12-28 06:28:00,Thursday,6,0
174,50.67,9,2023-12-28 07:32:00,Thursday,7,0
52,17.76,10,2023-12-28 09:05:00,Thursday,9,0
59,86.44,7,2023-12-28 16:11:00,Thursday,16,0
165,90.68,7,2023-12-28 23:28:00,Thursday,23,0
13,24.94,2,2023-12-29 21:42:00,Friday,21,0
156,41.33,5,2023-12-30 13:38:00,Saturday,13,1
68,20.94,2,2023-12-31 09:24:00,Sunday,9,1
176,19.34,3,2023-12-31 19:20:00,Sunday,19,1
165,5.31,9,2023-12-31 20:50:00,Sunday,20,1
